{"packages":[],"notify-batch":"https:\/\/packagist.org\/downloads\/","providers-url":"\/p\/%package%$%hash%.json","metadata-url":"\/p2\/%package%.json","metadata-changes-url":"https:\/\/packagist.org\/metadata\/changes.json","search":"https:\/\/packagist.org\/search.json?q=%query%&type=%type%","list":"https:\/\/packagist.org\/packages\/list.json","security-advisories":{"metadata":true,"api-url":"https:\/\/packagist.org\/api\/security-advisories\/"},"providers-api":"https:\/\/packagist.org\/providers\/%package%.json","warning":"Support for Composer 1 is deprecated and some packages will not be available. You should upgrade to Composer 2. See https:\/\/blog.packagist.com\/deprecating-composer-1-support\/","warning-versions":"<1.99","provider-includes":{"p\/provider-2013$%hash%.json":{"sha256":"498b385cab237c302c03d42c8a67e05fe328e983fb3622ae2be5de80b3075935"},"p\/provider-2014$%hash%.json":{"sha256":"3b2eafc88218ffcb9b9748aeb5352d704b6712368a0308b3390e66b1f14d0e20"},"p\/provider-2015$%hash%.json":{"sha256":"4d92c1c51db1fade4a187457e78ddb1487732f74943fe5a4110ba89cbd5388e3"},"p\/provider-2016$%hash%.json":{"sha256":"f9aa73bedb72546bc544c44d28ec13df029b0b464f9d30fa8b2c4feaaf546044"},"p\/provider-2017$%hash%.json":{"sha256":"9ca96f3d0ce5d276fb330276a19097130db2fd5dfa8b86442648448c83a78024"},"p\/provider-2018$%hash%.json":{"sha256":"24b9abfc9c1d368f663ea65c89977d333f6bf0df8a90df37ba35098df6702485"},"p\/provider-2019$%hash%.json":{"sha256":"45fbd7cad3dfd39abad206a629f4766916822274b401138f260921fb8794bb44"},"p\/provider-2020$%hash%.json":{"sha256":"ce825e00e0913fb4ba2c8bfc3b755ebcb7b1854b31f0c71b7c3e04a6c9783e1c"},"p\/provider-2021$%hash%.json":{"sha256":"334ab5e402a871a817073a802ab1e4f1186b5ffe78836e3a790ac5e25cd0a403"},"p\/provider-2022$%hash%.json":{"sha256":"95104efbfc83bdb6472a94c5f60831243f1f52d28156d06332eb8cbdb74c6e98"},"p\/provider-2023$%hash%.json":{"sha256":"7845da427c7affcdfbe271491d2f5a5bd06caf1b01ecc8b7110fa755ebeca5c1"},"p\/provider-2023-10$%hash%.json":{"sha256":"6883975c9a99e0b106ff93f1b70b8897aa8cd029e9eeabd41642c44a641abab9"},"p\/provider-2024-01$%hash%.json":{"sha256":"a729eee2b2b0ac0a01a8b83a5d1afcdce0008318397096770c1183d733cd26ea"},"p\/provider-2024-04$%hash%.json":{"sha256":"18d7bd8664b73087e23ddd0b9d9a8ec8e293b79eb9b915f1d16589bf3d3f530b"},"p\/provider-2024-07$%hash%.json":{"sha256":"b73db1b7fc6620c4766b57b528ec4e34f6a34a71c3380f08810e3997e5e26fca"},"p\/provider-archived$%hash%.json":{"sha256":"47755dc11602a87565bfcdd92a5e9125fa61f5475ae4c792067894e150936f36"},"p\/provider-latest$%hash%.json":{"sha256":"1b47f48f9be19a3371ecd93bbb733340d3ebf6fe5b3b4779d27fdc0cd6752e1b"}},"last-modified":"Tue, 06 Aug 2024 08:02:42 GMT"}